Period,Org Code,Parent Org,Org name,A&E attendances Type 1,A&E attendances Type 2,A&E attendances Other A&E Department,A&E attendances Booked Appointments Type 1,A&E attendances Booked Appointments Type 2,A&E attendances Booked Appointments Other Department,Attendances over 4hrs Type 1,Attendances over 4hrs Type 2,Attendances over 4hrs Other Department,Attendances over 4hrs Booked Appointments Type 1,Attendances over 4hrs Booked Appointments Type 2,Attendances over 4hrs Booked Appointments Other Department,Patients who have waited 4-12 hs from DTA to admission,Patients who have waited 12+ hrs from DTA to admission,Emergency admissions via A&E - Type 1,Emergency admissions via A&E - Type 2,Emergency admissions via A&E - Other A&E department,Other emergency admissions
MSitAE-MAY-2026,AJN,NHS ENGLAND NORTH EAST AND YORKSHIRE ,WORKINGTON HEALTH LIMITED,0,0,429,0,0,0,0,0,0,0,0,0,0,0,0,0,0,0
MSitAE-MAY-2026,AQN04,NHS ENGLAND SOUTH EAST ,PHL LYMINGTON UTC,0,0,3565,0,0,2,0,0,82,0,0,0,0,0,0,0,0,0
MSitAE-MAY-2026,NTV0B,NHS ENGLAND SOUTH EAST ,ASHFORD WALK-IN-CENTRE,0,0,2552,0,0,0,0,0,67,0,0,0,0,0,0,0,0,0
MSitAE-MAY-2026,NTV0W,NHS ENGLAND SOUTH EAST ,WOKING WALK IN CENTRE,0,0,2834,0,0,0,0,0,170,0,0,0,0,0,0,0,0,0
MSitAE-MAY-2026,RBQ,NHS ENGLAND NORTH WEST ,LIVERPOOL HEART AND CHEST HOSPITAL NHS FOUNDATION TRUST,0,0,0,0,0,0,0,0,0,0,0,0,0,0,0,0,0,137
MSitAE-MAY-2026,RJ8,NHS ENGLAND SOUTH WEST ,CORNWALL PARTNERSHIP NHS FOUNDATION TRUST,0,0,0,0,0,0,0,0,0,0,0,0,0,0,0,0,13,67
MSitAE-MAY-2026,RW1,NHS ENGLAND SOUTH EAST ,HAMPSHIRE AND ISLE OF WIGHT HEALTHCARE NHS FOUNDATION TRUST,0,0,3081,0,0,0,0,0,71,0,0,0,0,0,0,0,0,130
MSitAE-MAY-2026,RYY,NHS ENGLAND SOUTH EAST ,KENT COMMUNITY HEALTH NHS FOUNDATION TRUST,0,0,6909,0,0,0,0,0,19,0,0,0,0,0,0,0,0,0
MSitAE-MAY-2026,Y02532,NHS ENGLAND NORTH WEST ,MIRIAM MINOR EMERGENCY,0,0,1665,0,0,0,0,0,8,0,0,0,0,0,0,0,0,0
MSitAE-MAY-2026,ACH01,NHS ENGLAND SOUTH EAST ,WHITSTABLE MEDICAL PRACTICE,0,0,5139,0,0,0,0,0,0,0,0,0,0,0,0,0,0,0
MSitAE-MAY-2026,C82038,NHS ENGLAND MIDLANDS ,LATHAM HOUSE MEDICAL PRACTICE,0,0,268,0,0,0,0,0,0,0,0,0,0,0,0,0,0,0
MSitAE-MAY-2026,DT301,NHS ENGLAND EAST OF ENGLAND ,HERTS URGENT CARE (ASCOTS LANE),0,0,2194,0,0,0,0,0,182,0,0,0,0,0,0,0,0,0
MSitAE-MAY-2026,NDJ,NHS ENGLAND SOUTH EAST ,FIRST COMMUNITY HEALTH AND CARE CIC,0,0,2500,0,0,0,0,0,25,0,0,0,0,0,0,0,0,0
MSitAE-MAY-2026,NQT5F,NHS ENGLAND NORTH WEST ,SKELMERSDALE WALK IN CENTRE,0,0,1709,0,0,0,0,0,13,0,0,0,0,0,0,0,0,0
MSitAE-MAY-2026,NQT5H,NHS ENGLAND SOUTH WEST ,PAULTON MEMORIAL HOSPITAL,0,0,1236,0,0,0,0,0,1,0,0,0,0,0,0,0,0,0
MSitAE-MAY-2026,RBV,NHS ENGLAND NORTH WEST ,THE CHRISTIE NHS FOUNDATION TRUST,0,0,0,0,0,0,0,0,0,0,0,0,0,0,0,0,0,840
MSitAE-MAY-2026,RWY,NHS ENGLAND NORTH EAST AND YORKSHIRE ,CALDERDALE AND HUDDERSFIELD NHS FOUNDATION TRUST,16449,0,0,0,0,0,2721,0,0,0,0,0,989,28,3023,0,0,187
MSitAE-MAY-2026,C82009,NHS ENGLAND MIDLANDS ,MARKET HARBOROUGH MED.CTR,0,0,264,0,0,0,0,0,0,0,0,0,0,0,0,0,0,0
MSitAE-MAY-2026,G0Q0L,NHS ENGLAND LONDON,BARKING HOSPITAL UTC,0,0,2972,0,0,0,0,0,24,0,0,0,0,0,0,0,0,0
MSitAE-MAY-2026,K6K0R,NHS ENGLAND LONDON,HAROLD WOOD POLYCLINIC UTC,0,0,2922,0,0,0,0,0,14,0,0,0,0,0,0,0,0,0
MSitAE-MAY-2026,RDY,NHS ENGLAND SOUTH WEST ,DORSET HEALTHCARE UNIVERSITY NHS FOUNDATION TRUST,0,0,0,0,0,0,0,0,0,0,0,0,0,0,0,0,3,3
MSitAE-MAY-2026,RWP,NHS ENGLAND MIDLANDS ,WORCESTERSHIRE ACUTE HOSPITALS NHS TRUST,14882,0,6467,0,0,0,5940,0,68,0,0,0,802,915,3257,0,0,900
MSitAE-MAY-2026,L83087,NHS ENGLAND SOUTH WEST ,OKEHAMPTON MEDICAL CENTRE,0,0,79,0,0,0,0,0,0,0,0,0,0,0,0,0,0,0
MSitAE-MAY-2026,RBS,NHS ENGLAND NORTH WEST ,ALDER HEY CHILDREN'S NHS FOUNDATION TRUST,6425,0,0,0,0,0,1048,0,0,0,0,0,1,0,901,0,0,273
MSitAE-MAY-2026,RBT,NHS ENGLAND NORTH WEST ,MID CHESHIRE HOSPITALS NHS FOUNDATION TRUST,7409,0,3164,0,0,77,3959,0,18,0,0,0,432,539,2541,0,0,708
MSitAE-MAY-2026,RY8,NHS ENGLAND MIDLANDS ,DERBYSHIRE COMMUNITY HEALTH SERVICES NHS FOUNDATION TRUST,0,0,7767,0,0,1477,0,0,304,0,0,16,0,0,0,0,0,0
MSitAE-MAY-2026,Y02676,NHS ENGLAND SOUTH EAST ,BRIGHTON STATION HEALTH CENTRE,0,0,1895,0,0,0,0,0,0,0,0,0,0,0,0,0,0,0
MSitAE-MAY-2026,NNJ10,NHS ENGLAND MIDLANDS ,ENDERBY LEISURE CENTRE,0,0,0,0,0,375,0,0,0,0,0,0,0,0,0,0,0,0
MSitAE-MAY-2026,NNJ11,NHS ENGLAND MIDLANDS ,LUTTERWORTH HOSPITAL,0,0,0,0,0,162,0,0,0,0,0,0,0,0,0,0,0,0
MSitAE-MAY-2026,NNJ12,NHS ENGLAND MIDLANDS ,MARKET HARBOROUGH,0,0,0,0,0,308,0,0,0,0,0,0,0,0,0,0,0,0
MSitAE-MAY-2026,NNJ13,NHS ENGLAND MIDLANDS ,MELTON MOWBRAY,0,0,0,0,0,369,0,0,0,0,0,0,0,0,0,0,0,0
MSitAE-MAY-2026,NTP11,NHS ENGLAND SOUTH EAST ,PRACTICE PLUS GROUP HOSPITAL - SOUTHAMPTON,0,0,5698,0,0,0,0,0,137,0,0,0,0,0,0,0,0,0
MSitAE-MAY-2026,RAN,NHS ENGLAND LONDON,ROYAL NATIONAL ORTHOPAEDIC HOSPITAL NHS TRUST,0,0,0,0,0,0,0,0,0,0,0,0,0,0,0,0,0,8
MSitAE-MAY-2026,RLQ,NHS ENGLAND MIDLANDS ,WYE VALLEY NHS TRUST,6290,816,176,85,0,0,2704,0,0,17,0,0,469,174,1440,0,0,148
MSitAE-MAY-2026,RQX,NHS ENGLAND LONDON,HOMERTON HEALTHCARE NHS FOUNDATION TRUST,11679,0,0,0,0,0,2404,0,0,0,0,0,225,8,1743,0,0,276
MSitAE-MAY-2026,G3P9C,NHS ENGLAND SOUTH WEST ,TROWBRIDGE MINOR INJURIES UNIT,0,0,1318,0,0,0,0,0,4,0,0,0,0,0,0,0,0,0
MSitAE-MAY-2026,NNF09,NHS ENGLAND NORTH EAST AND YORKSHIRE ,BRANSHOLME HEALTH CENTRE,0,0,3857,0,0,0,0,0,454,0,0,0,0,0,0,0,0,0
MSitAE-MAY-2026,NNF16,NHS ENGLAND NORTH EAST AND YORKSHIRE ,BRIDLINGTON HOSPITAL,0,0,1613,0,0,0,0,0,32,0,0,0,0,0,0,0,0,0
MSitAE-MAY-2026,NNF94,NHS ENGLAND NORTH EAST AND YORKSHIRE ,EAST RIDING COMMUNITY HOSPITAL,0,0,3011,0,0,0,0,0,264,0,0,0,0,0,0,0,0,0
MSitAE-MAY-2026,NNFA7,NHS ENGLAND NORTH EAST AND YORKSHIRE ,GOOLE & DISTRICT HOSPITAL,0,0,1752,0,0,0,0,0,33,0,0,0,0,0,0,0,0,0
MSitAE-MAY-2026,NNJ,NHS ENGLAND MIDLANDS ,DHU HEALTH CARE C.I.C,0,0,2250,0,0,0,0,0,0,0,0,0,0,0,0,0,0,0
MSitAE-MAY-2026,NQT1I,NHS ENGLAND SOUTH WEST ,CHIPPENHAM COMMUNITY HOSPITAL,0,0,1853,0,0,0,0,0,72,0,0,0,0,0,0,0,0,0
MSitAE-MAY-2026,NVE43,NHS ENGLAND SOUTH EAST ,HASTINGS GP LED HEALTH CENTRE,0,0,1129,0,0,0,0,0,0,0,0,0,0,0,0,0,0,0
MSitAE-MAY-2026,R1D,NHS ENGLAND MIDLANDS ,SHROPSHIRE COMMUNITY HEALTH NHS TRUST,0,0,3573,0,0,0,0,0,5,0,0,0,0,0,0,0,0,0
MSitAE-MAY-2026,RAJ,NHS ENGLAND EAST OF ENGLAND ,MID AND SOUTH ESSEX NHS FOUNDATION TRUST,27876,0,8059,9,0,2,9249,0,141,2,0,0,1777,867,8897,0,156,1166
MSitAE-MAY-2026,RBN,NHS ENGLAND NORTH WEST ,MERSEY AND WEST LANCASHIRE TEACHING HOSPITALS NHS TRUST,17980,0,7563,205,0,0,6834,0,84,37,0,0,500,493,8065,0,0,938
MSitAE-MAY-2026,RCU,NHS ENGLAND NORTH EAST AND YORKSHIRE ,SHEFFIELD CHILDREN'S NHS FOUNDATION TRUST,4748,0,283,212,0,13,290,0,0,3,0,0,6,0,964,0,0,90
MSitAE-MAY-2026,RGP,NHS ENGLAND EAST OF ENGLAND ,JAMES PAGET UNIVERSITY HOSPITALS NHS FOUNDATION TRUST,8220,0,1654,0,0,0,2813,0,0,0,0,0,568,281,1696,0,0,520
MSitAE-MAY-2026,RHW,NHS ENGLAND SOUTH EAST ,ROYAL BERKSHIRE NHS FOUNDATION TRUST,11750,2597,3412,1569,18,0,4294,61,0,399,1,0,680,17,2522,0,0,326
MSitAE-MAY-2026,RJL,NHS ENGLAND NORTH EAST AND YORKSHIRE ,NORTHERN LINCOLNSHIRE AND GOOLE NHS FOUNDATION TRUST,10806,0,6668,0,0,450,5468,0,69,0,0,5,764,787,5487,0,0,490
MSitAE-MAY-2026,RKB,NHS ENGLAND MIDLANDS ,UNIVERSITY HOSPITALS COVENTRY AND WARWICKSHIRE NHS TRUST,13511,2426,6389,0,0,0,5442,69,144,0,0,0,60,8,820,38,45,323
MSitAE-MAY-2026,RLT,NHS ENGLAND MIDLANDS ,GEORGE ELIOT HOSPITAL NHS TRUST,7575,0,1782,0,0,0,1022,0,1,0,0,0,368,103,1254,0,0,0
MSitAE-MAY-2026,RPC,NHS ENGLAND SOUTH EAST ,QUEEN VICTORIA HOSPITAL NHS FOUNDATION TRUST,0,0,1440,0,0,0,0,0,15,0,0,0,0,0,0,0,10,597
MSitAE-MAY-2026,RWF,NHS ENGLAND SOUTH EAST ,MAIDSTONE AND TUNBRIDGE WELLS NHS TRUST,19109,0,2021,812,0,122,4131,0,31,110,0,1,925,287,2222,0,0,604
MSitAE-MAY-2026,RXG,NHS ENGLAND NORTH EAST AND YORKSHIRE ,SOUTH WEST YORKSHIRE PARTNERSHIP NHS FOUNDATION TRUST,0,0,0,0,0,0,0,0,0,0,0,0,0,0,0,0,0,132
MSitAE-MAY-2026,RYF,NHS ENGLAND SOUTH WEST ,SOUTH WESTERN AMBULANCE SERVICE NHS FOUNDATION TRUST,0,0,2179,0,0,43,0,0,40,0,0,2,0,0,0,0,0,0
MSitAE-MAY-2026,AQM01,NHS ENGLAND SOUTH EAST ,FAVERSHAM MEDICAL PRACTICE MIU,0,0,3044,0,0,0,0,0,0,0,0,0,0,0,0,0,0,0
MSitAE-MAY-2026,NLX,NHS ENGLAND SOUTH WEST ,SIRONA CARE & HEALTH,0,0,9207,0,0,318,0,0,280,0,0,84,0,0,0,0,0,0
MSitAE-MAY-2026,NV693,NHS ENGLAND NORTH WEST ,ROSSENDALE MIU & OOH,0,0,1057,0,0,0,0,0,0,0,0,0,0,0,0,0,0,0
MSitAE-MAY-2026,R0B,NHS ENGLAND NORTH EAST AND YORKSHIRE ,SOUTH TYNESIDE AND SUNDERLAND NHS FOUNDATION TRUST,11235,1427,6147,951,0,1505,3948,31,226,380,0,81,170,0,4840,31,0,1248
MSitAE-MAY-2026,RCX,NHS ENGLAND EAST OF ENGLAND ,"THE QUEEN ELIZABETH HOSPITAL, KING'S LYNN, NHS FOUNDATION TRUST",7164,0,1418,0,0,0,3069,0,0,0,0,0,643,174,1889,0,0,361
MSitAE-MAY-2026,REM,NHS ENGLAND NORTH WEST ,LIVERPOOL UNIVERSITY HOSPITALS NHS FOUNDATION TRUST,16870,1931,8773,543,0,0,8078,0,305,232,0,0,846,1273,5241,0,0,2175
MSitAE-MAY-2026,RFR,NHS ENGLAND NORTH EAST AND YORKSHIRE ,THE ROTHERHAM NHS FOUNDATION TRUST,9881,0,0,0,0,0,2885,0,0,0,0,0,599,1,2006,0,0,512
MSitAE-MAY-2026,RGN,NHS ENGLAND EAST OF ENGLAND ,NORTH WEST ANGLIA NHS FOUNDATION TRUST,15827,0,4934,252,0,406,6275,0,177,69,0,12,487,848,3787,0,42,1468
MSitAE-MAY-2026,RH8,NHS ENGLAND SOUTH WEST ,ROYAL DEVON UNIVERSITY HEALTHCARE NHS FOUNDATION TRUST,13414,0,4850,1434,0,118,5694,0,9,545,0,1,820,278,3128,0,0,1841
MSitAE-MAY-2026,RJE,NHS ENGLAND MIDLANDS ,UNIVERSITY HOSPITALS OF NORTH MIDLANDS NHS TRUST,15679,488,8781,631,0,472,7942,0,134,280,0,7,1025,821,4703,0,0,1114
MSitAE-MAY-2026,RJR,NHS ENGLAND NORTH WEST ,COUNTESS OF CHESTER HOSPITAL NHS FOUNDATION TRUST,5637,0,2669,0,0,0,2658,0,223,0,0,0,538,569,1925,0,0,1074
MSitAE-MAY-2026,RK9,NHS ENGLAND SOUTH WEST ,UNIVERSITY HOSPITALS PLYMOUTH NHS TRUST,8950,122,8444,0,0,0,5719,6,70,0,0,0,723,396,3298,0,0,1645
MSitAE-MAY-2026,RMP,NHS ENGLAND NORTH WEST ,TAMESIDE AND GLOSSOP INTEGRATED CARE NHS FOUNDATION TRUST,8884,0,2313,504,0,144,4406,0,51,0,0,0,419,580,1670,0,0,261
MSitAE-MAY-2026,RNQ,NHS ENGLAND MIDLANDS ,KETTERING GENERAL HOSPITAL NHS FOUNDATION TRUST,10941,0,8963,0,0,0,3898,0,15,0,0,0,432,773,1894,0,0,274
MSitAE-MAY-2026,RP6,NHS ENGLAND LONDON,MOORFIELDS EYE HOSPITAL NHS FOUNDATION TRUST,0,6494,0,0,0,0,0,261,0,0,0,0,0,0,0,1,0,245
MSitAE-MAY-2026,RTK,NHS ENGLAND SOUTH EAST ,ASHFORD AND ST PETER'S HOSPITALS NHS FOUNDATION TRUST,7954,0,2841,0,0,0,4149,0,81,0,0,0,539,432,2518,0,0,526
MSitAE-MAY-2026,RTP,NHS ENGLAND SOUTH EAST ,SURREY AND SUSSEX HEALTHCARE NHS TRUST,10252,0,0,0,0,0,4245,0,0,0,0,0,464,657,2954,0,0,899
MSitAE-MAY-2026,RTQ,NHS ENGLAND SOUTH WEST ,GLOUCESTERSHIRE HEALTH AND CARE NHS FOUNDATION TRUST,0,0,8969,0,0,0,0,0,188,0,0,0,0,0,0,0,1,33
MSitAE-MAY-2026,RTX,NHS ENGLAND NORTH WEST ,UNIVERSITY HOSPITALS OF MORECAMBE BAY NHS FOUNDATION TRUST,9293,0,3058,143,0,2291,3940,0,63,9,0,43,661,599,3231,0,19,926
MSitAE-MAY-2026,RV9,NHS ENGLAND NORTH EAST AND YORKSHIRE ,HUMBER TEACHING NHS FOUNDATION TRUST,0,0,1218,0,0,59,0,0,8,0,0,1,0,0,0,0,0,0
MSitAE-MAY-2026,RWA,NHS ENGLAND NORTH EAST AND YORKSHIRE ,HULL UNIVERSITY TEACHING HOSPITALS NHS TRUST,10192,0,4229,0,0,0,5329,0,342,0,0,0,957,459,3765,0,0,2003
MSitAE-MAY-2026,RXF,NHS ENGLAND NORTH EAST AND YORKSHIRE ,MID YORKSHIRE TEACHING NHS TRUST,17010,125,6925,124,0,77,6366,0,219,0,0,0,2043,576,3404,0,178,779
MSitAE-MAY-2026,RXL,NHS ENGLAND NORTH WEST ,BLACKPOOL TEACHING HOSPITALS NHS FOUNDATION TRUST,8656,0,10473,310,0,493,3698,0,285,107,0,0,600,313,1865,0,0,2270
MSitAE-MAY-2026,RYR,NHS ENGLAND SOUTH EAST ,UNIVERSITY HOSPITALS SUSSEX NHS FOUNDATION TRUST,28760,1544,1574,1628,0,586,11263,82,178,494,0,30,664,890,8453,31,23,1687
MSitAE-MAY-2026,AAH,NHS ENGLAND SOUTH WEST ,TETBURY HOSPITAL TRUST LTD,0,0,610,0,0,0,0,0,0,0,0,0,0,0,0,0,0,0
MSitAE-MAY-2026,NNJ07,NHS ENGLAND MIDLANDS ,LOUGHBOROUGH URGENT CARE CENTRE,0,0,5641,0,0,2651,0,0,39,0,0,18,0,0,0,0,0,0
MSitAE-MAY-2026,NNJ0H,NHS ENGLAND MIDLANDS ,LLR EA - THE MERLYN VAZ HEALTH & SOCIAL CARE CENTRE,0,0,231,0,0,2816,0,0,0,0,0,12,0,0,0,0,0,0
MSitAE-MAY-2026,NNJ14,NHS ENGLAND MIDLANDS ,OADBY,0,0,479,0,0,2233,0,0,0,0,0,0,0,0,0,0,0,0
MSitAE-MAY-2026,NNJ15,NHS ENGLAND MIDLANDS ,RUTLAND MINOR ILLNESS AND INJURY SERVICE (FORMERLY WLHH PRE-APRIL 2026),0,0,0,0,0,624,0,0,0,0,0,0,0,0,0,0,0,0
MSitAE-MAY-2026,R0D,NHS ENGLAND SOUTH WEST ,UNIVERSITY HOSPITALS DORSET NHS FOUNDATION TRUST,15936,0,4982,0,0,0,6228,0,0,0,0,0,1109,410,4272,4,0,2337
MSitAE-MAY-2026,RA7,NHS ENGLAND SOUTH WEST ,UNIVERSITY HOSPITALS BRISTOL AND WESTON NHS FOUNDATION TRUST,16484,2607,0,0,0,0,5419,209,0,0,0,0,960,286,5000,18,0,1518
MSitAE-MAY-2026,RA9,NHS ENGLAND SOUTH WEST ,TORBAY AND SOUTH DEVON NHS FOUNDATION TRUST,7154,0,3993,0,0,0,3838,0,92,0,0,0,317,138,1635,0,15,450
MSitAE-MAY-2026,RBK,NHS ENGLAND MIDLANDS ,WALSALL HEALTHCARE NHS TRUST,9838,0,4594,35,0,146,2687,0,210,7,0,0,955,188,4384,0,0,823
MSitAE-MAY-2026,RC9,NHS ENGLAND EAST OF ENGLAND ,BEDFORDSHIRE HOSPITALS NHS FOUNDATION TRUST,18436,0,9068,0,0,0,6598,0,0,0,0,0,80,43,5237,0,0,2152
MSitAE-MAY-2026,RD8,NHS ENGLAND EAST OF ENGLAND ,MILTON KEYNES UNIVERSITY HOSPITAL NHS FOUNDATION TRUST,8650,0,5303,682,0,326,3919,0,81,316,0,0,810,0,2251,0,0,461
MSitAE-MAY-2026,RDE,NHS ENGLAND EAST OF ENGLAND ,EAST SUFFOLK AND NORTH ESSEX NHS FOUNDATION TRUST,11914,0,14125,0,0,0,4727,0,1039,0,0,0,725,511,5112,0,2,236
MSitAE-MAY-2026,REF,NHS ENGLAND SOUTH WEST ,ROYAL CORNWALL HOSPITALS NHS TRUST,7291,0,13732,0,0,0,4199,0,911,0,0,0,513,653,2413,0,53,1562
MSitAE-MAY-2026,REP,NHS ENGLAND NORTH WEST ,LIVERPOOL WOMEN'S NHS FOUNDATION TRUST,0,1559,0,0,0,0,0,140,0,0,0,0,0,0,0,112,0,10
MSitAE-MAY-2026,RFS,NHS ENGLAND MIDLANDS ,CHESTERFIELD ROYAL HOSPITAL NHS FOUNDATION TRUST,6804,0,5729,0,0,0,3481,0,52,0,0,0,706,200,2196,0,14,149
MSitAE-MAY-2026,RHQ,NHS ENGLAND NORTH EAST AND YORKSHIRE ,SHEFFIELD TEACHING HOSPITALS NHS FOUNDATION TRUST,9193,1167,7485,398,0,1138,4880,0,342,186,0,34,1116,7,3276,0,0,3394
MSitAE-MAY-2026,RJ1,NHS ENGLAND LONDON,GUY'S AND ST THOMAS' NHS FOUNDATION TRUST,10870,0,7418,0,0,0,4139,0,171,0,0,0,151,83,2045,0,0,269
MSitAE-MAY-2026,RJN,NHS ENGLAND NORTH WEST ,EAST CHESHIRE NHS TRUST,4715,0,0,99,0,63,2471,0,0,0,0,0,267,328,865,0,0,192
MSitAE-MAY-2026,RL4,NHS ENGLAND MIDLANDS ,THE ROYAL WOLVERHAMPTON NHS TRUST,11462,1615,7277,113,3,790,3991,5,208,28,0,11,762,664,5712,0,66,1308
MSitAE-MAY-2026,RN3,NHS ENGLAND SOUTH WEST ,GREAT WESTERN HOSPITALS NHS FOUNDATION TRUST,7828,0,4399,0,0,0,3563,0,569,0,0,0,707,443,2708,0,0,1182
MSitAE-MAY-2026,RNS,NHS ENGLAND MIDLANDS ,NORTHAMPTON GENERAL HOSPITAL NHS TRUST,11247,672,2087,0,0,0,3691,35,1,0,0,0,450,833,2341,0,0,445
MSitAE-MAY-2026,RQ3,NHS ENGLAND MIDLANDS ,BIRMINGHAM WOMEN'S AND CHILDREN'S NHS FOUNDATION TRUST,5133,0,1002,0,0,0,712,0,0,0,0,0,10,0,547,0,0,219
MSitAE-MAY-2026,RQW,NHS ENGLAND EAST OF ENGLAND ,THE PRINCESS ALEXANDRA HOSPITAL NHS TRUST,9139,0,1867,0,0,484,2220,0,0,0,0,0,465,239,1760,0,1,365
MSitAE-MAY-2026,RR8,NHS ENGLAND NORTH EAST AND YORKSHIRE ,LEEDS TEACHING HOSPITALS NHS TRUST,19105,721,10968,77,0,436,7225,0,145,30,0,0,1680,430,3795,0,0,1107
MSitAE-MAY-2026,RVW,NHS ENGLAND NORTH EAST AND YORKSHIRE ,NORTH TEES AND HARTLEPOOL NHS FOUNDATION TRUST,5073,0,11724,0,0,0,2432,0,33,0,0,0,110,1,1650,0,442,2345
MSitAE-MAY-2026,RXQ,NHS ENGLAND SOUTH EAST ,BUCKINGHAMSHIRE HEALTHCARE NHS TRUST,9955,1219,3210,0,0,0,4037,0,71,0,0,0,245,137,3155,911,0,1219
MSitAE-MAY-2026,RXR,NHS ENGLAND NORTH WEST ,EAST LANCASHIRE HOSPITALS NHS TRUST,14439,0,11946,0,0,0,4699,0,607,0,0,0,286,1112,4122,0,91,1665
MSitAE-MAY-2026,RY5,NHS ENGLAND MIDLANDS ,LINCOLNSHIRE COMMUNITY HEALTH SERVICES NHS TRUST,0,0,9261,0,0,0,0,0,103,0,0,0,0,0,0,0,0,0
MSitAE-MAY-2026,RY7,NHS ENGLAND NORTH WEST ,WIRRAL COMMUNITY HEALTH AND CARE NHS FOUNDATION TRUST,0,0,4005,0,0,0,0,0,182,0,0,0,0,0,0,0,0,0
MSitAE-MAY-2026,RYG,NHS ENGLAND MIDLANDS ,COVENTRY AND WARWICKSHIRE PARTNERSHIP NHS TRUST,0,0,0,0,0,0,0,0,0,0,0,0,0,0,0,0,7,31
MSitAE-MAY-2026,Y02428,NHS ENGLAND EAST OF ENGLAND ,PUTNOE WALK IN CENTRE,0,0,2744,0,0,0,0,0,0,0,0,0,0,0,0,0,0,0
MSitAE-MAY-2026,C83023,NHS ENGLAND MIDLANDS ,SLEAFORD MEDICAL GROUP,0,0,544,0,0,0,0,0,0,0,0,0,0,0,0,0,0,3
MSitAE-MAY-2026,NTPAD,NHS ENGLAND SOUTH EAST ,PRACTICE PLUS GROUP SURGICAL CENTRE - ST MARYS PORTSMOUTH,0,0,5577,0,0,293,0,0,91,0,0,33,0,0,0,0,0,0
MSitAE-MAY-2026,R0A,NHS ENGLAND NORTH WEST ,MANCHESTER UNIVERSITY NHS FOUNDATION TRUST,27846,3450,11594,3154,415,829,10505,161,254,1142,32,24,3158,91,5880,129,73,465
MSitAE-MAY-2026,R1F,NHS ENGLAND SOUTH EAST ,ISLE OF WIGHT NHS TRUST,4429,215,1690,15,0,15,1427,0,62,4,0,0,277,168,1428,0,0,113
MSitAE-MAY-2026,RA2,NHS ENGLAND SOUTH EAST ,ROYAL SURREY NHS FOUNDATION TRUST,7180,0,2299,862,0,90,2498,0,0,232,0,0,457,24,2562,0,0,1032
MSitAE-MAY-2026,RAE,NHS ENGLAND NORTH EAST AND YORKSHIRE ,BRADFORD TEACHING HOSPITALS NHS FOUNDATION TRUST,9325,1072,3875,0,0,0,2501,0,5,0,0,0,690,147,2663,0,11,1249
MSitAE-MAY-2026,RAT,NHS ENGLAND LONDON,NORTH EAST LONDON NHS FOUNDATION TRUST,0,0,1740,0,0,0,0,0,29,0,0,0,0,0,0,0,0,0
MSitAE-MAY-2026,RCB,NHS ENGLAND NORTH EAST AND YORKSHIRE ,YORK AND SCARBOROUGH TEACHING HOSPITALS NHS FOUNDATION TRUST,12406,183,6795,0,0,0,6075,8,358,0,0,0,188,293,4247,0,0,1132
MSitAE-MAY-2026,RCD,NHS ENGLAND NORTH EAST AND YORKSHIRE ,HARROGATE AND DISTRICT NHS FOUNDATION TRUST,5373,0,1684,0,0,34,2072,0,12,0,0,0,178,14,1283,0,0,253
MSitAE-MAY-2026,RCF,NHS ENGLAND NORTH EAST AND YORKSHIRE ,AIREDALE NHS FOUNDATION TRUST,6386,172,0,390,0,0,2861,0,0,0,0,0,387,287,1438,0,0,432
MSitAE-MAY-2026,RET,NHS ENGLAND NORTH WEST ,THE WALTON CENTRE NHS FOUNDATION TRUST,0,0,0,0,0,0,0,0,0,0,0,0,0,0,0,0,0,176
MSitAE-MAY-2026,RF4,NHS ENGLAND LONDON,"BARKING, HAVERING AND REDBRIDGE UNIVERSITY HOSPITALS NHS TRUST",14107,2378,15849,0,0,0,5785,295,121,0,0,0,535,617,3775,0,0,2200
MSitAE-MAY-2026,RFF,NHS ENGLAND NORTH EAST AND YORKSHIRE ,BARNSLEY HOSPITAL NHS FOUNDATION TRUST,9717,0,0,32,0,0,2268,0,0,0,0,0,456,27,3344,0,0,463
MSitAE-MAY-2026,RGT,NHS ENGLAND EAST OF ENGLAND ,CAMBRIDGE UNIVERSITY HOSPITALS NHS FOUNDATION TRUST,11679,0,5590,345,0,318,5491,0,178,107,0,15,501,518,2749,0,34,464
MSitAE-MAY-2026,RH5,NHS ENGLAND SOUTH WEST ,SOMERSET NHS FOUNDATION TRUST,12516,0,10320,0,0,28,6436,0,256,0,0,1,523,77,3315,0,0,1685
MSitAE-MAY-2026,RJ6,NHS ENGLAND LONDON,CROYDON HEALTH SERVICES NHS TRUST,13509,0,5147,0,0,0,5115,0,0,0,0,0,227,676,1057,0,0,139
MSitAE-MAY-2026,RJZ,NHS ENGLAND LONDON,KING'S COLLEGE HOSPITAL NHS FOUNDATION TRUST,15762,0,10577,20,0,490,7041,0,636,4,0,0,1511,867,3488,0,0,321
MSitAE-MAY-2026,RL1,NHS ENGLAND MIDLANDS ,THE ROBERT JONES AND AGNES HUNT ORTHOPAEDIC HOSPITAL NHS FOUNDATION TRUST,0,0,0,0,0,0,0,0,0,0,0,0,0,0,0,0,0,39
MSitAE-MAY-2026,RM1,NHS ENGLAND EAST OF ENGLAND ,NORFOLK AND NORWICH UNIVERSITY HOSPITALS NHS FOUNDATION TRUST,13719,0,8166,0,0,0,4054,0,2,0,0,0,733,270,2429,0,0,1580
MSitAE-MAY-2026,RN5,NHS ENGLAND SOUTH EAST ,HAMPSHIRE HOSPITALS NHS FOUNDATION TRUST,10007,54,4873,0,0,102,5400,0,302,0,0,0,334,33,3597,11,35,942
MSitAE-MAY-2026,RNA,NHS ENGLAND MIDLANDS ,THE DUDLEY GROUP NHS FOUNDATION TRUST,10412,0,3921,0,0,670,2757,0,122,0,0,0,636,327,3338,0,0,2446
MSitAE-MAY-2026,RNZ,NHS ENGLAND SOUTH WEST ,SALISBURY NHS FOUNDATION TRUST,4589,315,2353,309,0,0,1911,0,0,132,0,0,379,213,1282,0,0,946
MSitAE-MAY-2026,RP5,NHS ENGLAND NORTH EAST AND YORKSHIRE ,DONCASTER AND BASSETLAW TEACHING HOSPITALS NHS FOUNDATION TRUST,14560,0,4293,0,0,0,5438,0,8,0,0,0,1282,177,3752,0,498,926
MSitAE-MAY-2026,RPA,NHS ENGLAND SOUTH EAST ,MEDWAY NHS FOUNDATION TRUST,9666,0,6340,290,0,852,3123,0,759,53,0,0,289,845,1716,0,0,487
MSitAE-MAY-2026,RR7,NHS ENGLAND NORTH EAST AND YORKSHIRE ,GATESHEAD HEALTH NHS FOUNDATION TRUST,5863,0,4755,1,0,0,2657,0,68,1,0,0,900,3,1827,0,0,41
MSitAE-MAY-2026,RRF,NHS ENGLAND NORTH WEST ,"WRIGHTINGTON, WIGAN AND LEIGH TEACHING HOSPITALS NHS FOUNDATION TRUST",6642,0,5994,0,0,0,3047,0,45,0,0,0,356,179,2538,0,0,525
MSitAE-MAY-2026,RTD,NHS ENGLAND NORTH EAST AND YORKSHIRE ,THE NEWCASTLE UPON TYNE HOSPITALS NHS FOUNDATION TRUST,12691,1659,8886,0,0,1531,5559,108,157,0,0,0,440,11,3934,20,0,2975
MSitAE-MAY-2026,RTF,NHS ENGLAND NORTH EAST AND YORKSHIRE ,NORTHUMBRIA HEALTHCARE NHS FOUNDATION TRUST,10691,0,14240,0,0,0,2242,0,0,0,0,0,9,0,4475,0,15,490
MSitAE-MAY-2026,RTG,NHS ENGLAND MIDLANDS ,UNIVERSITY HOSPITALS OF DERBY AND BURTON NHS FOUNDATION TRUST,21684,0,9770,1420,0,69,9804,0,14,269,0,0,1057,538,4141,0,0,1767
MSitAE-MAY-2026,RTR,NHS ENGLAND NORTH EAST AND YORKSHIRE ,SOUTH TEES HOSPITALS NHS FOUNDATION TRUST,7446,0,9832,0,0,2232,3412,0,344,0,0,41,199,10,2268,0,412,2238
MSitAE-MAY-2026,RVJ,NHS ENGLAND SOUTH WEST ,NORTH BRISTOL NHS TRUST,9890,0,0,0,0,0,3579,0,0,0,0,0,555,301,3134,0,0,2122
MSitAE-MAY-2026,RVV,NHS ENGLAND SOUTH EAST ,EAST KENT HOSPITALS UNIVERSITY NHS FOUNDATION TRUST,14083,0,13117,0,0,0,6042,0,421,0,0,0,745,981,3139,0,609,504
MSitAE-MAY-2026,RW4,NHS ENGLAND NORTH WEST ,MERSEY CARE NHS FOUNDATION TRUST,0,0,14568,0,0,0,0,0,308,0,0,0,0,0,0,0,0,35
MSitAE-MAY-2026,RWD,NHS ENGLAND MIDLANDS ,UNITED LINCOLNSHIRE TEACHING HOSPITALS NHS TRUST,18995,0,4399,0,0,0,5256,0,345,0,0,0,716,990,4961,0,0,962
MSitAE-MAY-2026,RWE,NHS ENGLAND MIDLANDS ,UNIVERSITY HOSPITALS OF LEICESTER NHS TRUST,23718,2056,0,0,0,0,9375,120,0,0,0,0,1178,965,7004,4,0,3529
MSitAE-MAY-2026,RWG,NHS ENGLAND EAST OF ENGLAND ,WEST HERTFORDSHIRE TEACHING HOSPITALS NHS TRUST,8572,0,8231,0,0,748,2217,0,100,0,0,0,747,30,4844,0,0,586
MSitAE-MAY-2026,RWJ,NHS ENGLAND NORTH WEST ,STOCKPORT NHS FOUNDATION TRUST,8296,0,927,385,0,1473,3402,0,50,139,0,1,620,180,2638,0,56,942
MSitAE-MAY-2026,RX1,NHS ENGLAND MIDLANDS ,NOTTINGHAM UNIVERSITY HOSPITALS NHS TRUST,13270,1955,10124,0,0,343,7563,168,921,0,0,1,158,1142,3636,0,1069,3978
MSitAE-MAY-2026,RXP,NHS ENGLAND NORTH EAST AND YORKSHIRE ,COUNTY DURHAM AND DARLINGTON NHS FOUNDATION TRUST,13106,0,4142,0,0,7910,5199,0,0,0,0,0,1694,18,4473,0,0,826
MSitAE-MAY-2026,RXW,NHS ENGLAND MIDLANDS ,THE SHREWSBURY AND TELFORD HOSPITAL NHS TRUST,11572,0,2504,0,0,0,6382,0,236,0,0,0,823,949,3609,0,168,2062
MSitAE-MAY-2026,ARN03,NHS ENGLAND NORTH EAST AND YORKSHIRE ,LOCAL CARE DIRECT,0,0,2228,0,0,205,0,0,9,0,0,0,0,0,0,0,0,0
MSitAE-MAY-2026,R1H,NHS ENGLAND LONDON,BARTS HEALTH NHS TRUST,26667,880,19721,0,0,0,10464,5,1674,0,0,0,994,1157,4328,0,48,1199
MSitAE-MAY-2026,RAX,NHS ENGLAND LONDON,KINGSTON AND RICHMOND NHS FOUNDATION TRUST,7296,0,8580,0,0,0,3571,0,197,0,0,0,335,320,2992,0,195,715
MSitAE-MAY-2026,RD1,NHS ENGLAND SOUTH WEST ,ROYAL UNITED HOSPITALS BATH NHS FOUNDATION TRUST,9451,0,0,0,0,0,4106,0,0,0,0,0,975,153,2872,0,0,1760
MSitAE-MAY-2026,RDR,NHS ENGLAND SOUTH EAST ,SUSSEX COMMUNITY NHS FOUNDATION TRUST,0,0,12486,0,0,0,0,0,327,0,0,0,0,0,0,0,0,0
MSitAE-MAY-2026,RGR,NHS ENGLAND EAST OF ENGLAND ,WEST SUFFOLK NHS FOUNDATION TRUST,8272,0,1015,56,0,0,2348,0,0,0,0,0,466,325,1797,0,0,306
MSitAE-MAY-2026,RHM,NHS ENGLAND SOUTH EAST ,UNIVERSITY HOSPITAL SOUTHAMPTON NHS FOUNDATION TRUST,12221,1028,0,0,0,0,4098,29,0,0,0,0,357,16,3914,9,0,1600
MSitAE-MAY-2026,RJ7,NHS ENGLAND LONDON,ST GEORGE'S UNIVERSITY HOSPITALS NHS FOUNDATION TRUST,9181,0,3993,411,0,0,2487,0,154,70,0,0,362,575,1985,0,0,658
MSitAE-MAY-2026,RK5,NHS ENGLAND MIDLANDS ,SHERWOOD FOREST HOSPITALS NHS FOUNDATION TRUST,11630,0,5750,0,0,0,5466,0,766,0,0,0,1460,225,3579,0,0,249
MSitAE-MAY-2026,RKE,NHS ENGLAND LONDON,WHITTINGTON HEALTH NHS TRUST,9685,0,0,0,0,0,2631,0,0,0,0,0,278,196,1364,0,0,30
MSitAE-MAY-2026,RNU,NHS ENGLAND SOUTH EAST ,OXFORD HEALTH NHS FOUNDATION TRUST,0,0,4709,0,0,0,0,0,449,0,0,0,0,0,0,0,0,0
MSitAE-MAY-2026,RQM,NHS ENGLAND LONDON,CHELSEA AND WESTMINSTER HOSPITAL NHS FOUNDATION TRUST,20856,0,7092,632,0,0,6027,0,386,0,0,0,923,53,3087,0,0,286
MSitAE-MAY-2026,RVR,NHS ENGLAND LONDON,EPSOM AND ST HELIER UNIVERSITY HOSPITALS NHS TRUST,10226,0,3519,0,0,0,4422,0,925,0,0,0,545,818,2052,0,0,406
MSitAE-MAY-2026,RWH,NHS ENGLAND EAST OF ENGLAND ,EAST AND NORTH HERTFORDSHIRE TEACHING NHS TRUST,9263,0,8964,0,0,0,4617,0,103,0,0,0,466,158,2269,0,2,433
MSitAE-MAY-2026,RWX,NHS ENGLAND SOUTH EAST ,BERKSHIRE HEALTHCARE NHS FOUNDATION TRUST,0,0,1509,0,0,0,0,0,23,0,0,0,0,0,0,0,37,0
MSitAE-MAY-2026,RY4,NHS ENGLAND EAST OF ENGLAND ,HERTFORDSHIRE COMMUNITY NHS TRUST,0,0,1015,0,0,0,0,0,67,0,0,0,0,0,0,0,0,0
MSitAE-MAY-2026,RYJ,NHS ENGLAND LONDON,IMPERIAL COLLEGE HEALTHCARE NHS TRUST,12311,4110,7633,0,0,581,4845,127,439,0,0,0,591,0,3768,2,0,1064
MSitAE-MAY-2026,RYX,NHS ENGLAND LONDON,CENTRAL LONDON COMMUNITY HEALTHCARE NHS TRUST,0,0,13237,0,0,664,0,0,323,0,0,13,0,0,0,0,0,0
MSitAE-MAY-2026,AD913,NHS ENGLAND LONDON,BECKENHAM BEACON UCC,0,0,3854,0,0,249,0,0,7,0,0,0,0,0,0,0,0,0
MSitAE-MAY-2026,DJV01,NHS ENGLAND SOUTH EAST ,HERNE BAY HEALTH CARE LTD,0,0,2738,0,0,0,0,0,0,0,0,0,0,0,0,0,0,0
MSitAE-MAY-2026,RAS,NHS ENGLAND LONDON,THE HILLINGDON HOSPITALS NHS FOUNDATION TRUST,5812,0,7222,0,0,0,2491,0,63,0,0,0,488,9,1834,0,0,65
MSitAE-MAY-2026,RMC,NHS ENGLAND NORTH WEST ,BOLTON NHS FOUNDATION TRUST,8747,0,3964,10,0,7,3805,0,169,5,0,0,505,516,2504,0,134,908
MSitAE-MAY-2026,R1K,NHS ENGLAND LONDON,LONDON NORTH WEST UNIVERSITY HEALTHCARE NHS TRUST,14429,0,17346,0,0,0,6907,0,309,0,0,0,622,553,6734,0,0,191
MSitAE-MAY-2026,RRK,NHS ENGLAND MIDLANDS ,UNIVERSITY HOSPITALS BIRMINGHAM NHS FOUNDATION TRUST,36269,429,13723,0,0,216,14554,0,221,0,0,2,1638,2620,10492,0,0,7421
MSitAE-MAY-2026,RN7,NHS ENGLAND SOUTH EAST ,DARTFORD AND GRAVESHAM NHS TRUST,11706,0,3962,0,0,0,2798,0,6,0,0,0,490,409,3829,0,0,293
MSitAE-MAY-2026,RWW,NHS ENGLAND NORTH WEST ,NORTH CHESHIRE AND MERSEY NHS FOUNDATION TRUST,6999,0,6155,315,0,417,3260,0,89,89,0,3,623,770,1854,0,0,145
MSitAE-MAY-2026,RXN,NHS ENGLAND NORTH WEST ,LANCASHIRE TEACHING HOSPITALS NHS FOUNDATION TRUST,12880,0,3420,176,0,94,4728,0,136,30,0,2,1170,403,3134,0,92,1115
MSitAE-MAY-2026,RBL,NHS ENGLAND NORTH WEST ,WIRRAL UNIVERSITY TEACHING HOSPITAL NHS FOUNDATION TRUST,8227,0,2826,0,0,151,4271,0,56,0,0,3,437,858,2181,0,0,1728
MSitAE-MAY-2026,RHU,NHS ENGLAND SOUTH EAST ,PORTSMOUTH HOSPITALS UNIVERSITY NHS TRUST,11209,1027,3478,2058,0,900,4174,20,11,626,0,22,649,1211,3185,0,0,2508
MSitAE-MAY-2026,RJ2,NHS ENGLAND LONDON,LEWISHAM AND GREENWICH NHS TRUST,17205,0,17917,0,0,980,8428,0,272,0,0,3,1066,533,4302,0,0,582
MSitAE-MAY-2026,RJC,NHS ENGLAND MIDLANDS ,SOUTH WARWICKSHIRE UNIVERSITY NHS FOUNDATION TRUST,8876,0,411,0,0,0,2478,0,0,0,0,0,448,127,1796,0,0,513
MSitAE-MAY-2026,RM3,NHS ENGLAND NORTH WEST ,NORTHERN CARE ALLIANCE NHS FOUNDATION TRUST,27206,0,9569,0,0,0,9388,0,343,0,0,0,844,1251,7645,0,256,2502
MSitAE-MAY-2026,RRV,NHS ENGLAND LONDON,UNIVERSITY COLLEGE LONDON HOSPITALS NHS FOUNDATION TRUST,13648,0,0,507,0,0,2989,0,0,0,0,0,299,77,1512,0,0,404
MSitAE-MAY-2026,RTE,NHS ENGLAND SOUTH WEST ,GLOUCESTERSHIRE HOSPITALS NHS FOUNDATION TRUST,14498,0,0,0,0,0,5241,0,0,0,0,0,265,539,2580,0,0,3008
MSitAE-MAY-2026,RTH,NHS ENGLAND SOUTH EAST ,OXFORD UNIVERSITY HOSPITALS NHS FOUNDATION TRUST,13048,1458,3458,1753,0,207,3808,0,53,335,0,15,428,10,5371,96,13,4223
MSitAE-MAY-2026,RAL,NHS ENGLAND LONDON,ROYAL FREE LONDON NHS FOUNDATION TRUST,26608,458,17712,187,3,227,7988,2,839,52,0,19,926,1862,6471,0,121,797
MSitAE-MAY-2026,RBD,NHS ENGLAND SOUTH WEST ,DORSET COUNTY HOSPITAL NHS FOUNDATION TRUST,4999,0,0,490,0,4714,2450,0,0,162,0,0,271,85,1952,0,0,506
MSitAE-MAY-2026,RXK,NHS ENGLAND MIDLANDS ,SANDWELL AND WEST BIRMINGHAM HOSPITALS NHS TRUST,11768,1086,8725,371,0,0,4842,136,85,130,0,0,825,269,2735,0,29,78
MSitAE-MAY-2026,RDU,NHS ENGLAND SOUTH EAST ,FRIMLEY HEALTH NHS FOUNDATION TRUST,24282,866,11819,0,0,0,9082,4,113,0,0,0,1148,756,6597,0,0,167
MSitAE-MAY-2026,RXC,NHS ENGLAND SOUTH EAST ,EAST SUSSEX HEALTHCARE NHS TRUST,9759,0,2517,1948,0,1714,4243,0,69,0,0,0,288,183,2558,0,0,482
MSitAE-MAY-2026,RNN,NHS ENGLAND NORTH EAST AND YORKSHIRE ,NORTH CUMBRIA INTEGRATED CARE NHS FOUNDATION TRUST,9204,0,2231,273,0,32,3956,0,75,59,0,2,638,355,2212,0,0,387
TOTAL ,TOTAL ,TOTAL ,TOTAL ,1466119,52381,860272,27226,439,50961,562494,2082,25264,6892,33,558,78378,50212,395328,1417,5088,131447
